{
  "training_data": [
    {
      "input": "Criar um módulo para autenticação JWT",
      "output": {
        "module_name": "Autenticação JWT",
        "suggestions": [
          "Implementar refresh tokens",
          "Adicionar bloqueio de IPs suspeitos"
        ],
        "version": "1.0"
      }
    },
    {
      "input": "Melhorar segurança do sistema",
      "output": {
        "module_name": "Segurança Geral",
        "suggestions": [
          "Ativar 2FA",
          "Forçar HTTPS",
          "Implementar Rate-Limiting"
        ],
        "version": "1.1"
      }
    }
  ],
  "last_updated": "2025-03-05"
}
