{
  "projects": [
    {
      "name": "Chat Central",
      "version": "1.20",
      "modules": [
        {
          "name": "Autenticação JWT",
          "description": "Gerencia autenticação e segurança",
          "status": "Ativo"
        },
        {
          "name": "Gerenciamento de Logs",
          "description": "Registra eventos e auditorias",
          "status": "Ativo"
        }
      ],
      "database": {
        "type": "MongoDB",
        "collections": ["users", "modules", "logs"]
      }
    }
  ],
  "last_updated": "2025-03-05"
}
